{
    "epoch": 2.9994823123382224,
    "eval_loss": 1.7459524869918823,
    "eval_runtime": 302.5063,
    "eval_samples_per_second": 17.031,
    "eval_steps_per_second": 8.516
}